f0, f1, f2, f3, f4, f5, f6, f7, f8, f9
string, string, string, string, string, string, string, string, string, string
, , , , , , , , , 
<const>, <const>, <const>, <const>, <const>, <const>, <const>, <const>, <const>, Y
<const>, <const>, <const>, <const>, <const>, <const>, <const>, <const>, <const>, X
<const>, <const>, <const>, <const>, <const>, <const>, <const>, <const>, <const>, X
<const>, <const>, <const>, <const>, <const>, <const>, <const>, <const>, <const>, X
<const>, <const>, <const>, <const>, <const>, <const>, <const>, <const>, <const>, X
<const>, <const>, <const>, <const>, <const>, <const>, <const>, <const>, <const>, X
<const>, <const>, <const>, <const>, <const>, <const>, <const>, <const>, <const>, Y
<const>, <const>, <const>, <const>, <const>, <const>, <const>, <const>, <const>, X
<const>, <const>, <const>, <const>, <const>, <const>, <const>, <const>, <const>, Y
<const>, <const>, <const>, <const>, <const>, <const>, <const>, <const>, <const>, X
<const>, <const>, <const>, <const>, <const>, <const>, <const>, <const>, <const>, X
<const>, <const>, <const>, <const>, <const>, <const>, <const>, <const>, <const>, Y
<const>, <const>, <const>, <const>, <const>, <const>, <const>, <const>, <const>, X
<const>, <const>, <const>, <const>, <const>, <const>, <const>, <const>, <const>, X
<const>, <const>, <const>, <const>, <const>, <const>, <const>, <const>, <const>, X
<const>, <const>, <const>, <const>, <const>, <const>, <const>, <const>, <const>, X
<const>, <const>, <const>, <const>, <const>, <const>, <const>, <const>, <const>, X
<const>, <const>, <const>, <const>, <const>, <const>, <const>, <const>, <const>, X
<const>, <const>, <const>, <const>, <const>, <const>, <const>, <const>, <const>, Y
<const>, <const>, <const>, <const>, <const>, <const>, <const>, <const>, <const>, X
<const>, <const>, <const>, <const>, <const>, <const>, <const>, <const>, <const>, X
<const>, <const>, <const>, <const>, <const>, <const>, <const>, <const>, <const>, X
<const>, <const>, <const>, <const>, <const>, <const>, <const>, <const>, <const>, X
<const>, <const>, <const>, <const>, <const>, <const>, <const>, <const>, <const>, X
<const>, <const>, <const>, <const>, <const>, <const>, <const>, <const>, <const>, X
<const>, <const>, <const>, <const>, <const>, <const>, <const>, <const>, <const>, Y
<const>, <const>, <const>, <const>, <const>, <const>, <const>, <const>, <const>, Y
<const>, <const>, <const>, <const>, <const>, <const>, <const>, <const>, <const>, X
<const>, <const>, <const>, <const>, <const>, <const>, <const>, <const>, <const>, X
<const>, <const>, <const>, <const>, <const>, <const>, <const>, <const>, <const>, X
<const>, <const>, <const>, <const>, <const>, <const>, <const>, <const>, <const>, X
<const>, <const>, <const>, <const>, <const>, <const>, <const>, <const>, <const>, X
<const>, <const>, <const>, <const>, <const>, <const>, <const>, <const>, <const>, X
<const>, <const>, <const>, <const>, <const>, <const>, <const>, <const>, <const>, X
<const>, <const>, <const>, <const>, <const>, <const>, <const>, <const>, <const>, X
<const>, <const>, <const>, <const>, <const>, <const>, <const>, <const>, <const>, X
<const>, <const>, <const>, <const>, <const>, <const>, <const>, <const>, <const>, X
<const>, <const>, <const>, <const>, <const>, <const>, <const>, <const>, <const>, X
<const>, <const>, <const>, <const>, <const>, <const>, <const>, <const>, <const>, X
<const>, <const>, <const>, <const>, <const>, <const>, <const>, <const>, <const>, X
<const>, <const>, <const>, <const>, <const>, <const>, <const>, <const>, <const>, Y
<const>, <const>, <const>, <const>, <const>, <const>, <const>, <const>, <const>, X
<const>, <const>, <const>, <const>, <const>, <const>, <const>, <const>, <const>, X
<const>, <const>, <const>, <const>, <const>, <const>, <const>, <const>, <const>, Y
<const>, <const>, <const>, <const>, <const>, <const>, <const>, <const>, <const>, X
<const>, <const>, <const>, <const>, <const>, <const>, <const>, <const>, <const>, X
<const>, <const>, <const>, <const>, <const>, <const>, <const>, <const>, <const>, X
<const>, <const>, <const>, <const>, <const>, <const>, <const>, <const>, <const>, X
<const>, <const>, <const>, <const>, <const>, <const>, <const>, <const>, <const>, X
<const>, <const>, <const>, <const>, <const>, <const>, <const>, <const>, <const>, X
<const>, <const>, <const>, <const>, <const>, <const>, <const>, <const>, <const>, X
<const>, <const>, <const>, <const>, <const>, <const>, <const>, <const>, <const>, X
<const>, <const>, <const>, <const>, <const>, <const>, <const>, <const>, <const>, X
<const>, <const>, <const>, <const>, <const>, <const>, <const>, <const>, <const>, X
<const>, <const>, <const>, <const>, <const>, <const>, <const>, <const>, <const>, X
<const>, <const>, <const>, <const>, <const>, <const>, <const>, <const>, <const>, X
<const>, <const>, <const>, <const>, <const>, <const>, <const>, <const>, <const>, X
<const>, <const>, <const>, <const>, <const>, <const>, <const>, <const>, <const>, X
<const>, <const>, <const>, <const>, <const>, <const>, <const>, <const>, <const>, X
<const>, <const>, <const>, <const>, <const>, <const>, <const>, <const>, <const>, X
<const>, <const>, <const>, <const>, <const>, <const>, <const>, <const>, <const>, X
<const>, <const>, <const>, <const>, <const>, <const>, <const>, <const>, <const>, X
<const>, <const>, <const>, <const>, <const>, <const>, <const>, <const>, <const>, X
<const>, <const>, <const>, <const>, <const>, <const>, <const>, <const>, <const>, X
<const>, <const>, <const>, <const>, <const>, <const>, <const>, <const>, <const>, X
<const>, <const>, <const>, <const>, <const>, <const>, <const>, <const>, <const>, X
<const>, <const>, <const>, <const>, <const>, <const>, <const>, <const>, <const>, Y
<const>, <const>, <const>, <const>, <const>, <const>, <const>, <const>, <const>, X
<const>, <const>, <const>, <const>, <const>, <const>, <const>, <const>, <const>, X
<const>, <const>, <const>, <const>, <const>, <const>, <const>, <const>, <const>, X
<const>, <const>, <const>, <const>, <const>, <const>, <const>, <const>, <const>, X
<const>, <const>, <const>, <const>, <const>, <const>, <const>, <const>, <const>, X
<const>, <const>, <const>, <const>, <const>, <const>, <const>, <const>, <const>, X
<const>, <const>, <const>, <const>, <const>, <const>, <const>, <const>, <const>, X
<const>, <const>, <const>, <const>, <const>, <const>, <const>, <const>, <const>, X
<const>, <const>, <const>, <const>, <const>, <const>, <const>, <const>, <const>, X
<const>, <const>, <const>, <const>, <const>, <const>, <const>, <const>, <const>, X
<const>, <const>, <const>, <const>, <const>, <const>, <const>, <const>, <const>, X
<const>, <const>, <const>, <const>, <const>, <const>, <const>, <const>, <const>, X
<const>, <const>, <const>, <const>, <const>, <const>, <const>, <const>, <const>, X
<const>, <const>, <const>, <const>, <const>, <const>, <const>, <const>, <const>, X
<const>, <const>, <const>, <const>, <const>, <const>, <const>, <const>, <const>, X
<const>, <const>, <const>, <const>, <const>, <const>, <const>, <const>, <const>, X
<const>, <const>, <const>, <const>, <const>, <const>, <const>, <const>, <const>, X
<const>, <const>, <const>, <const>, <const>, <const>, <const>, <const>, <const>, X
<const>, <const>, <const>, <const>, <const>, <const>, <const>, <const>, <const>, X
<const>, <const>, <const>, <const>, <const>, <const>, <const>, <const>, <const>, X
<const>, <const>, <const>, <const>, <const>, <const>, <const>, <const>, <const>, Y
<const>, <const>, <const>, <const>, <const>, <const>, <const>, <const>, <const>, Y
<const>, <const>, <const>, <const>, <const>, <const>, <const>, <const>, <const>, X
<const>, <const>, <const>, <const>, <const>, <const>, <const>, <const>, <const>, X
<const>, <const>, <const>, <const>, <const>, <const>, <const>, <const>, <const>, X
<const>, <const>, <const>, <const>, <const>, <const>, <const>, <const>, <const>, X
<const>, <const>, <const>, <const>, <const>, <const>, <const>, <const>, <const>, Y
<const>, <const>, <const>, <const>, <const>, <const>, <const>, <const>, <const>, X
<const>, <const>, <const>, <const>, <const>, <const>, <const>, <const>, <const>, X
<const>, <const>, <const>, <const>, <const>, <const>, <const>, <const>, <const>, X
<const>, <const>, <const>, <const>, <const>, <const>, <const>, <const>, <const>, X
<const>, <const>, <const>, <const>, <const>, <const>, <const>, <const>, <const>, X
<const>, <const>, <const>, <const>, <const>, <const>, <const>, <const>, <const>, Y
<const>, <const>, <const>, <const>, <const>, <const>, <const>, <const>, <const>, X
<const>, <const>, <const>, <const>, <const>, <const>, <const>, <const>, <const>, X
<const>, <const>, <const>, <const>, <const>, <const>, <const>, <const>, <const>, X
<const>, <const>, <const>, <const>, <const>, <const>, <const>, <const>, <const>, X
<const>, <const>, <const>, <const>, <const>, <const>, <const>, <const>, <const>, X
<const>, <const>, <const>, <const>, <const>, <const>, <const>, <const>, <const>, X
<const>, <const>, <const>, <const>, <const>, <const>, <const>, <const>, <const>, X
<const>, <const>, <const>, <const>, <const>, <const>, <const>, <const>, <const>, X
<const>, <const>, <const>, <const>, <const>, <const>, <const>, <const>, <const>, X
<const>, <const>, <const>, <const>, <const>, <const>, <const>, <const>, <const>, X
<const>, <const>, <const>, <const>, <const>, <const>, <const>, <const>, <const>, X
<const>, <const>, <const>, <const>, <const>, <const>, <const>, <const>, <const>, X
<const>, <const>, <const>, <const>, <const>, <const>, <const>, <const>, <const>, X
<const>, <const>, <const>, <const>, <const>, <const>, <const>, <const>, <const>, X
<const>, <const>, <const>, <const>, <const>, <const>, <const>, <const>, <const>, X
<const>, <const>, <const>, <const>, <const>, <const>, <const>, <const>, <const>, X
<const>, <const>, <const>, <const>, <const>, <const>, <const>, <const>, <const>, X
<const>, <const>, <const>, <const>, <const>, <const>, <const>, <const>, <const>, X
<const>, <const>, <const>, <const>, <const>, <const>, <const>, <const>, <const>, X
<const>, <const>, <const>, <const>, <const>, <const>, <const>, <const>, <const>, X
<const>, <const>, <const>, <const>, <const>, <const>, <const>, <const>, <const>, X
<const>, <const>, <const>, <const>, <const>, <const>, <const>, <const>, <const>, X
<const>, <const>, <const>, <const>, <const>, <const>, <const>, <const>, <const>, X
<const>, <const>, <const>, <const>, <const>, <const>, <const>, <const>, <const>, Y
<const>, <const>, <const>, <const>, <const>, <const>, <const>, <const>, <const>, X
<const>, <const>, <const>, <const>, <const>, <const>, <const>, <const>, <const>, Y
<const>, <const>, <const>, <const>, <const>, <const>, <const>, <const>, <const>, X
<const>, <const>, <const>, <const>, <const>, <const>, <const>, <const>, <const>, X
<const>, <const>, <const>, <const>, <const>, <const>, <const>, <const>, <const>, X
<const>, <const>, <const>, <const>, <const>, <const>, <const>, <const>, <const>, X
<const>, <const>, <const>, <const>, <const>, <const>, <const>, <const>, <const>, Y
<const>, <const>, <const>, <const>, <const>, <const>, <const>, <const>, <const>, X
<const>, <const>, <const>, <const>, <const>, <const>, <const>, <const>, <const>, X
<const>, <const>, <const>, <const>, <const>, <const>, <const>, <const>, <const>, Y
<const>, <const>, <const>, <const>, <const>, <const>, <const>, <const>, <const>, X
<const>, <const>, <const>, <const>, <const>, <const>, <const>, <const>, <const>, Y
<const>, <const>, <const>, <const>, <const>, <const>, <const>, <const>, <const>, X
<const>, <const>, <const>, <const>, <const>, <const>, <const>, <const>, <const>, X
<const>, <const>, <const>, <const>, <const>, <const>, <const>, <const>, <const>, X
<const>, <const>, <const>, <const>, <const>, <const>, <const>, <const>, <const>, X
<const>, <const>, <const>, <const>, <const>, <const>, <const>, <const>, <const>, X
<const>, <const>, <const>, <const>, <const>, <const>, <const>, <const>, <const>, X
<const>, <const>, <const>, <const>, <const>, <const>, <const>, <const>, <const>, X
<const>, <const>, <const>, <const>, <const>, <const>, <const>, <const>, <const>, X
<const>, <const>, <const>, <const>, <const>, <const>, <const>, <const>, <const>, X
<const>, <const>, <const>, <const>, <const>, <const>, <const>, <const>, <const>, X
<const>, <const>, <const>, <const>, <const>, <const>, <const>, <const>, <const>, X
<const>, <const>, <const>, <const>, <const>, <const>, <const>, <const>, <const>, X
<const>, <const>, <const>, <const>, <const>, <const>, <const>, <const>, <const>, X
<const>, <const>, <const>, <const>, <const>, <const>, <const>, <const>, <const>, X
<const>, <const>, <const>, <const>, <const>, <const>, <const>, <const>, <const>, X
<const>, <const>, <const>, <const>, <const>, <const>, <const>, <const>, <const>, X
<const>, <const>, <const>, <const>, <const>, <const>, <const>, <const>, <const>, X
<const>, <const>, <const>, <const>, <const>, <const>, <const>, <const>, <const>, X
<const>, <const>, <const>, <const>, <const>, <const>, <const>, <const>, <const>, X
<const>, <const>, <const>, <const>, <const>, <const>, <const>, <const>, <const>, X
<const>, <const>, <const>, <const>, <const>, <const>, <const>, <const>, <const>, X
<const>, <const>, <const>, <const>, <const>, <const>, <const>, <const>, <const>, X
<const>, <const>, <const>, <const>, <const>, <const>, <const>, <const>, <const>, X
<const>, <const>, <const>, <const>, <const>, <const>, <const>, <const>, <const>, Y
<const>, <const>, <const>, <const>, <const>, <const>, <const>, <const>, <const>, X
<const>, <const>, <const>, <const>, <const>, <const>, <const>, <const>, <const>, X
<const>, <const>, <const>, <const>, <const>, <const>, <const>, <const>, <const>, X
<const>, <const>, <const>, <const>, <const>, <const>, <const>, <const>, <const>, X
<const>, <const>, <const>, <const>, <const>, <const>, <const>, <const>, <const>, Y
<const>, <const>, <const>, <const>, <const>, <const>, <const>, <const>, <const>, X
<const>, <const>, <const>, <const>, <const>, <const>, <const>, <const>, <const>, X
<const>, <const>, <const>, <const>, <const>, <const>, <const>, <const>, <const>, X
<const>, <const>, <const>, <const>, <const>, <const>, <const>, <const>, <const>, X
<const>, <const>, <const>, <const>, <const>, <const>, <const>, <const>, <const>, X
<const>, <const>, <const>, <const>, <const>, <const>, <const>, <const>, <const>, X
<const>, <const>, <const>, <const>, <const>, <const>, <const>, <const>, <const>, X
<const>, <const>, <const>, <const>, <const>, <const>, <const>, <const>, <const>, X
<const>, <const>, <const>, <const>, <const>, <const>, <const>, <const>, <const>, X
<const>, <const>, <const>, <const>, <const>, <const>, <const>, <const>, <const>, X
<const>, <const>, <const>, <const>, <const>, <const>, <const>, <const>, <const>, Y
<const>, <const>, <const>, <const>, <const>, <const>, <const>, <const>, <const>, X
<const>, <const>, <const>, <const>, <const>, <const>, <const>, <const>, <const>, X
<const>, <const>, <const>, <const>, <const>, <const>, <const>, <const>, <const>, X
<const>, <const>, <const>, <const>, <const>, <const>, <const>, <const>, <const>, X
<const>, <const>, <const>, <const>, <const>, <const>, <const>, <const>, <const>, X
<const>, <const>, <const>, <const>, <const>, <const>, <const>, <const>, <const>, X
<const>, <const>, <const>, <const>, <const>, <const>, <const>, <const>, <const>, Y
<const>, <const>, <const>, <const>, <const>, <const>, <const>, <const>, <const>, X
<const>, <const>, <const>, <const>, <const>, <const>, <const>, <const>, <const>, X
<const>, <const>, <const>, <const>, <const>, <const>, <const>, <const>, <const>, X
<const>, <const>, <const>, <const>, <const>, <const>, <const>, <const>, <const>, X
<const>, <const>, <const>, <const>, <const>, <const>, <const>, <const>, <const>, X
<const>, <const>, <const>, <const>, <const>, <const>, <const>, <const>, <const>, X
<const>, <const>, <const>, <const>, <const>, <const>, <const>, <const>, <const>, X
<const>, <const>, <const>, <const>, <const>, <const>, <const>, <const>, <const>, X
<const>, <const>, <const>, <const>, <const>, <const>, <const>, <const>, <const>, X
<const>, <const>, <const>, <const>, <const>, <const>, <const>, <const>, <const>, X
<const>, <const>, <const>, <const>, <const>, <const>, <const>, <const>, <const>, X
<const>, <const>, <const>, <const>, <const>, <const>, <const>, <const>, <const>, X
<const>, <const>, <const>, <const>, <const>, <const>, <const>, <const>, <const>, X
<const>, <const>, <const>, <const>, <const>, <const>, <const>, <const>, <const>, Y
<const>, <const>, <const>, <const>, <const>, <const>, <const>, <const>, <const>, X
<const>, <const>, <const>, <const>, <const>, <const>, <const>, <const>, <const>, X
<const>, <const>, <const>, <const>, <const>, <const>, <const>, <const>, <const>, X
<const>, <const>, <const>, <const>, <const>, <const>, <const>, <const>, <const>, X
<const>, <const>, <const>, <const>, <const>, <const>, <const>, <const>, <const>, X
<const>, <const>, <const>, <const>, <const>, <const>, <const>, <const>, <const>, X
<const>, <const>, <const>, <const>, <const>, <const>, <const>, <const>, <const>, X
<const>, <const>, <const>, <const>, <const>, <const>, <const>, <const>, <const>, X
<const>, <const>, <const>, <const>, <const>, <const>, <const>, <const>, <const>, X
<const>, <const>, <const>, <const>, <const>, <const>, <const>, <const>, <const>, Y
<const>, <const>, <const>, <const>, <const>, <const>, <const>, <const>, <const>, X
<const>, <const>, <const>, <const>, <const>, <const>, <const>, <const>, <const>, X
<const>, <const>, <const>, <const>, <const>, <const>, <const>, <const>, <const>, X
<const>, <const>, <const>, <const>, <const>, <const>, <const>, <const>, <const>, X
<const>, <const>, <const>, <const>, <const>, <const>, <const>, <const>, <const>, X
<const>, <const>, <const>, <const>, <const>, <const>, <const>, <const>, <const>, X
<const>, <const>, <const>, <const>, <const>, <const>, <const>, <const>, <const>, X
<const>, <const>, <const>, <const>, <const>, <const>, <const>, <const>, <const>, X
<const>, <const>, <const>, <const>, <const>, <const>, <const>, <const>, <const>, X
<const>, <const>, <const>, <const>, <const>, <const>, <const>, <const>, <const>, X
<const>, <const>, <const>, <const>, <const>, <const>, <const>, <const>, <const>, X
<const>, <const>, <const>, <const>, <const>, <const>, <const>, <const>, <const>, X
<const>, <const>, <const>, <const>, <const>, <const>, <const>, <const>, <const>, X
<const>, <const>, <const>, <const>, <const>, <const>, <const>, <const>, <const>, X
<const>, <const>, <const>, <const>, <const>, <const>, <const>, <const>, <const>, X
<const>, <const>, <const>, <const>, <const>, <const>, <const>, <const>, <const>, X
<const>, <const>, <const>, <const>, <const>, <const>, <const>, <const>, <const>, Y
<const>, <const>, <const>, <const>, <const>, <const>, <const>, <const>, <const>, X
<const>, <const>, <const>, <const>, <const>, <const>, <const>, <const>, <const>, X
<const>, <const>, <const>, <const>, <const>, <const>, <const>, <const>, <const>, X
<const>, <const>, <const>, <const>, <const>, <const>, <const>, <const>, <const>, X
<const>, <const>, <const>, <const>, <const>, <const>, <const>, <const>, <const>, X
<const>, <const>, <const>, <const>, <const>, <const>, <const>, <const>, <const>, Y
<const>, <const>, <const>, <const>, <const>, <const>, <const>, <const>, <const>, X
<const>, <const>, <const>, <const>, <const>, <const>, <const>, <const>, <const>, X
<const>, <const>, <const>, <const>, <const>, <const>, <const>, <const>, <const>, X
<const>, <const>, <const>, <const>, <const>, <const>, <const>, <const>, <const>, X
<const>, <const>, <const>, <const>, <const>, <const>, <const>, <const>, <const>, X
<const>, <const>, <const>, <const>, <const>, <const>, <const>, <const>, <const>, X
<const>, <const>, <const>, <const>, <const>, <const>, <const>, <const>, <const>, X
<const>, <const>, <const>, <const>, <const>, <const>, <const>, <const>, <const>, X
<const>, <const>, <const>, <const>, <const>, <const>, <const>, <const>, <const>, X
<const>, <const>, <const>, <const>, <const>, <const>, <const>, <const>, <const>, X
<const>, <const>, <const>, <const>, <const>, <const>, <const>, <const>, <const>, X
<const>, <const>, <const>, <const>, <const>, <const>, <const>, <const>, <const>, X
<const>, <const>, <const>, <const>, <const>, <const>, <const>, <const>, <const>, X
<const>, <const>, <const>, <const>, <const>, <const>, <const>, <const>, <const>, X
<const>, <const>, <const>, <const>, <const>, <const>, <const>, <const>, <const>, X
<const>, <const>, <const>, <const>, <const>, <const>, <const>, <const>, <const>, X
<const>, <const>, <const>, <const>, <const>, <const>, <const>, <const>, <const>, X
<const>, <const>, <const>, <const>, <const>, <const>, <const>, <const>, <const>, X
<const>, <const>, <const>, <const>, <const>, <const>, <const>, <const>, <const>, X
<const>, <const>, <const>, <const>, <const>, <const>, <const>, <const>, <const>, X
<const>, <const>, <const>, <const>, <const>, <const>, <const>, <const>, <const>, X
<const>, <const>, <const>, <const>, <const>, <const>, <const>, <const>, <const>, Y
<const>, <const>, <const>, <const>, <const>, <const>, <const>, <const>, <const>, X
<const>, <const>, <const>, <const>, <const>, <const>, <const>, <const>, <const>, X
<const>, <const>, <const>, <const>, <const>, <const>, <const>, <const>, <const>, X
<const>, <const>, <const>, <const>, <const>, <const>, <const>, <const>, <const>, Y
<const>, <const>, <const>, <const>, <const>, <const>, <const>, <const>, <const>, X
<const>, <const>, <const>, <const>, <const>, <const>, <const>, <const>, <const>, X
<const>, <const>, <const>, <const>, <const>, <const>, <const>, <const>, <const>, X
<const>, <const>, <const>, <const>, <const>, <const>, <const>, <const>, <const>, X
<const>, <const>, <const>, <const>, <const>, <const>, <const>, <const>, <const>, X
<const>, <const>, <const>, <const>, <const>, <const>, <const>, <const>, <const>, X
<const>, <const>, <const>, <const>, <const>, <const>, <const>, <const>, <const>, X
<const>, <const>, <const>, <const>, <const>, <const>, <const>, <const>, <const>, X
<const>, <const>, <const>, <const>, <const>, <const>, <const>, <const>, <const>, X
<const>, <const>, <const>, <const>, <const>, <const>, <const>, <const>, <const>, X
<const>, <const>, <const>, <const>, <const>, <const>, <const>, <const>, <const>, X
<const>, <const>, <const>, <const>, <const>, <const>, <const>, <const>, <const>, X
<const>, <const>, <const>, <const>, <const>, <const>, <const>, <const>, <const>, Y
<const>, <const>, <const>, <const>, <const>, <const>, <const>, <const>, <const>, X
<const>, <const>, <const>, <const>, <const>, <const>, <const>, <const>, <const>, X
<const>, <const>, <const>, <const>, <const>, <const>, <const>, <const>, <const>, X
<const>, <const>, <const>, <const>, <const>, <const>, <const>, <const>, <const>, X
<const>, <const>, <const>, <const>, <const>, <const>, <const>, <const>, <const>, X
<const>, <const>, <const>, <const>, <const>, <const>, <const>, <const>, <const>, X
<const>, <const>, <const>, <const>, <const>, <const>, <const>, <const>, <const>, X
<const>, <const>, <const>, <const>, <const>, <const>, <const>, <const>, <const>, X
<const>, <const>, <const>, <const>, <const>, <const>, <const>, <const>, <const>, X
<const>, <const>, <const>, <const>, <const>, <const>, <const>, <const>, <const>, X
<const>, <const>, <const>, <const>, <const>, <const>, <const>, <const>, <const>, X
<const>, <const>, <const>, <const>, <const>, <const>, <const>, <const>, <const>, X
<const>, <const>, <const>, <const>, <const>, <const>, <const>, <const>, <const>, X
<const>, <const>, <const>, <const>, <const>, <const>, <const>, <const>, <const>, X
<const>, <const>, <const>, <const>, <const>, <const>, <const>, <const>, <const>, X
<const>, <const>, <const>, <const>, <const>, <const>, <const>, <const>, <const>, X
<const>, <const>, <const>, <const>, <const>, <const>, <const>, <const>, <const>, X
<const>, <const>, <const>, <const>, <const>, <const>, <const>, <const>, <const>, Y
<const>, <const>, <const>, <const>, <const>, <const>, <const>, <const>, <const>, X
<const>, <const>, <const>, <const>, <const>, <const>, <const>, <const>, <const>, X
<const>, <const>, <const>, <const>, <const>, <const>, <const>, <const>, <const>, Y
<const>, <const>, <const>, <const>, <const>, <const>, <const>, <const>, <const>, X
<const>, <const>, <const>, <const>, <const>, <const>, <const>, <const>, <const>, X
<const>, <const>, <const>, <const>, <const>, <const>, <const>, <const>, <const>, X
<const>, <const>, <const>, <const>, <const>, <const>, <const>, <const>, <const>, X
<const>, <const>, <const>, <const>, <const>, <const>, <const>, <const>, <const>, X
<const>, <const>, <const>, <const>, <const>, <const>, <const>, <const>, <const>, X
<const>, <const>, <const>, <const>, <const>, <const>, <const>, <const>, <const>, Y
<const>, <const>, <const>, <const>, <const>, <const>, <const>, <const>, <const>, Y
<const>, <const>, <const>, <const>, <const>, <const>, <const>, <const>, <const>, X
<const>, <const>, <const>, <const>, <const>, <const>, <const>, <const>, <const>, X
<const>, <const>, <const>, <const>, <const>, <const>, <const>, <const>, <const>, X
<const>, <const>, <const>, <const>, <const>, <const>, <const>, <const>, <const>, X
<const>, <const>, <const>, <const>, <const>, <const>, <const>, <const>, <const>, X
<const>, <const>, <const>, <const>, <const>, <const>, <const>, <const>, <const>, X
<const>, <const>, <const>, <const>, <const>, <const>, <const>, <const>, <const>, X
<const>, <const>, <const>, <const>, <const>, <const>, <const>, <const>, <const>, X
<const>, <const>, <const>, <const>, <const>, <const>, <const>, <const>, <const>, X
<const>, <const>, <const>, <const>, <const>, <const>, <const>, <const>, <const>, X
<const>, <const>, <const>, <const>, <const>, <const>, <const>, <const>, <const>, X
<const>, <const>, <const>, <const>, <const>, <const>, <const>, <const>, <const>, X
<const>, <const>, <const>, <const>, <const>, <const>, <const>, <const>, <const>, X
<const>, <const>, <const>, <const>, <const>, <const>, <const>, <const>, <const>, X
<const>, <const>, <const>, <const>, <const>, <const>, <const>, <const>, <const>, X
<const>, <const>, <const>, <const>, <const>, <const>, <const>, <const>, <const>, X
<const>, <const>, <const>, <const>, <const>, <const>, <const>, <const>, <const>, X
<const>, <const>, <const>, <const>, <const>, <const>, <const>, <const>, <const>, X
<const>, <const>, <const>, <const>, <const>, <const>, <const>, <const>, <const>, X
<const>, <const>, <const>, <const>, <const>, <const>, <const>, <const>, <const>, X
<const>, <const>, <const>, <const>, <const>, <const>, <const>, <const>, <const>, X
<const>, <const>, <const>, <const>, <const>, <const>, <const>, <const>, <const>, X
<const>, <const>, <const>, <const>, <const>, <const>, <const>, <const>, <const>, X
<const>, <const>, <const>, <const>, <const>, <const>, <const>, <const>, <const>, X
<const>, <const>, <const>, <const>, <const>, <const>, <const>, <const>, <const>, X
<const>, <const>, <const>, <const>, <const>, <const>, <const>, <const>, <const>, Y
<const>, <const>, <const>, <const>, <const>, <const>, <const>, <const>, <const>, X
<const>, <const>, <const>, <const>, <const>, <const>, <const>, <const>, <const>, X
<const>, <const>, <const>, <const>, <const>, <const>, <const>, <const>, <const>, X
<const>, <const>, <const>, <const>, <const>, <const>, <const>, <const>, <const>, X
<const>, <const>, <const>, <const>, <const>, <const>, <const>, <const>, <const>, X
<const>, <const>, <const>, <const>, <const>, <const>, <const>, <const>, <const>, X
<const>, <const>, <const>, <const>, <const>, <const>, <const>, <const>, <const>, X
<const>, <const>, <const>, <const>, <const>, <const>, <const>, <const>, <const>, X
<const>, <const>, <const>, <const>, <const>, <const>, <const>, <const>, <const>, X
<const>, <const>, <const>, <const>, <const>, <const>, <const>, <const>, <const>, X
<const>, <const>, <const>, <const>, <const>, <const>, <const>, <const>, <const>, X
<const>, <const>, <const>, <const>, <const>, <const>, <const>, <const>, <const>, X
<const>, <const>, <const>, <const>, <const>, <const>, <const>, <const>, <const>, X
<const>, <const>, <const>, <const>, <const>, <const>, <const>, <const>, <const>, X
<const>, <const>, <const>, <const>, <const>, <const>, <const>, <const>, <const>, X
<const>, <const>, <const>, <const>, <const>, <const>, <const>, <const>, <const>, X
<const>, <const>, <const>, <const>, <const>, <const>, <const>, <const>, <const>, X
<const>, <const>, <const>, <const>, <const>, <const>, <const>, <const>, <const>, Y
<const>, <const>, <const>, <const>, <const>, <const>, <const>, <const>, <const>, X
<const>, <const>, <const>, <const>, <const>, <const>, <const>, <const>, <const>, X
<const>, <const>, <const>, <const>, <const>, <const>, <const>, <const>, <const>, X
<const>, <const>, <const>, <const>, <const>, <const>, <const>, <const>, <const>, X
<const>, <const>, <const>, <const>, <const>, <const>, <const>, <const>, <const>, X
<const>, <const>, <const>, <const>, <const>, <const>, <const>, <const>, <const>, X
<const>, <const>, <const>, <const>, <const>, <const>, <const>, <const>, <const>, X
<const>, <const>, <const>, <const>, <const>, <const>, <const>, <const>, <const>, X
<const>, <const>, <const>, <const>, <const>, <const>, <const>, <const>, <const>, X
<const>, <const>, <const>, <const>, <const>, <const>, <const>, <const>, <const>, X
<const>, <const>, <const>, <const>, <const>, <const>, <const>, <const>, <const>, X
<const>, <const>, <const>, <const>, <const>, <const>, <const>, <const>, <const>, X
<const>, <const>, <const>, <const>, <const>, <const>, <const>, <const>, <const>, X
<const>, <const>, <const>, <const>, <const>, <const>, <const>, <const>, <const>, X
<const>, <const>, <const>, <const>, <const>, <const>, <const>, <const>, <const>, X
<const>, <const>, <const>, <const>, <const>, <const>, <const>, <const>, <const>, X
<const>, <const>, <const>, <const>, <const>, <const>, <const>, <const>, <const>, X
<const>, <const>, <const>, <const>, <const>, <const>, <const>, <const>, <const>, X
<const>, <const>, <const>, <const>, <const>, <const>, <const>, <const>, <const>, X
<const>, <const>, <const>, <const>, <const>, <const>, <const>, <const>, <const>, X
<const>, <const>, <const>, <const>, <const>, <const>, <const>, <const>, <const>, X
<const>, <const>, <const>, <const>, <const>, <const>, <const>, <const>, <const>, X
<const>, <const>, <const>, <const>, <const>, <const>, <const>, <const>, <const>, X
<const>, <const>, <const>, <const>, <const>, <const>, <const>, <const>, <const>, X
<const>, <const>, <const>, <const>, <const>, <const>, <const>, <const>, <const>, X
<const>, <const>, <const>, <const>, <const>, <const>, <const>, <const>, <const>, Y
<const>, <const>, <const>, <const>, <const>, <const>, <const>, <const>, <const>, X
<const>, <const>, <const>, <const>, <const>, <const>, <const>, <const>, <const>, X
<const>, <const>, <const>, <const>, <const>, <const>, <const>, <const>, <const>, X
<const>, <const>, <const>, <const>, <const>, <const>, <const>, <const>, <const>, X
<const>, <const>, <const>, <const>, <const>, <const>, <const>, <const>, <const>, X
<const>, <const>, <const>, <const>, <const>, <const>, <const>, <const>, <const>, X
<const>, <const>, <const>, <const>, <const>, <const>, <const>, <const>, <const>, Y
<const>, <const>, <const>, <const>, <const>, <const>, <const>, <const>, <const>, X
<const>, <const>, <const>, <const>, <const>, <const>, <const>, <const>, <const>, X
<const>, <const>, <const>, <const>, <const>, <const>, <const>, <const>, <const>, X
<const>, <const>, <const>, <const>, <const>, <const>, <const>, <const>, <const>, X
<const>, <const>, <const>, <const>, <const>, <const>, <const>, <const>, <const>, X
<const>, <const>, <const>, <const>, <const>, <const>, <const>, <const>, <const>, X
<const>, <const>, <const>, <const>, <const>, <const>, <const>, <const>, <const>, X
<const>, <const>, <const>, <const>, <const>, <const>, <const>, <const>, <const>, X
<const>, <const>, <const>, <const>, <const>, <const>, <const>, <const>, <const>, X
<const>, <const>, <const>, <const>, <const>, <const>, <const>, <const>, <const>, X
<const>, <const>, <const>, <const>, <const>, <const>, <const>, <const>, <const>, X
<const>, <const>, <const>, <const>, <const>, <const>, <const>, <const>, <const>, X
<const>, <const>, <const>, <const>, <const>, <const>, <const>, <const>, <const>, X
<const>, <const>, <const>, <const>, <const>, <const>, <const>, <const>, <const>, X
<const>, <const>, <const>, <const>, <const>, <const>, <const>, <const>, <const>, X
<const>, <const>, <const>, <const>, <const>, <const>, <const>, <const>, <const>, X
<const>, <const>, <const>, <const>, <const>, <const>, <const>, <const>, <const>, X
<const>, <const>, <const>, <const>, <const>, <const>, <const>, <const>, <const>, X
<const>, <const>, <const>, <const>, <const>, <const>, <const>, <const>, <const>, Y
<const>, <const>, <const>, <const>, <const>, <const>, <const>, <const>, <const>, X
<const>, <const>, <const>, <const>, <const>, <const>, <const>, <const>, <const>, X
<const>, <const>, <const>, <const>, <const>, <const>, <const>, <const>, <const>, X
<const>, <const>, <const>, <const>, <const>, <const>, <const>, <const>, <const>, X
<const>, <const>, <const>, <const>, <const>, <const>, <const>, <const>, <const>, X
<const>, <const>, <const>, <const>, <const>, <const>, <const>, <const>, <const>, X
<const>, <const>, <const>, <const>, <const>, <const>, <const>, <const>, <const>, X
<const>, <const>, <const>, <const>, <const>, <const>, <const>, <const>, <const>, X
<const>, <const>, <const>, <const>, <const>, <const>, <const>, <const>, <const>, X
<const>, <const>, <const>, <const>, <const>, <const>, <const>, <const>, <const>, X
<const>, <const>, <const>, <const>, <const>, <const>, <const>, <const>, <const>, X
<const>, <const>, <const>, <const>, <const>, <const>, <const>, <const>, <const>, Y
<const>, <const>, <const>, <const>, <const>, <const>, <const>, <const>, <const>, X
<const>, <const>, <const>, <const>, <const>, <const>, <const>, <const>, <const>, X
<const>, <const>, <const>, <const>, <const>, <const>, <const>, <const>, <const>, X
<const>, <const>, <const>, <const>, <const>, <const>, <const>, <const>, <const>, X
<const>, <const>, <const>, <const>, <const>, <const>, <const>, <const>, <const>, X
<const>, <const>, <const>, <const>, <const>, <const>, <const>, <const>, <const>, X
<const>, <const>, <const>, <const>, <const>, <const>, <const>, <const>, <const>, X
<const>, <const>, <const>, <const>, <const>, <const>, <const>, <const>, <const>, X
<const>, <const>, <const>, <const>, <const>, <const>, <const>, <const>, <const>, Y
<const>, <const>, <const>, <const>, <const>, <const>, <const>, <const>, <const>, X
<const>, <const>, <const>, <const>, <const>, <const>, <const>, <const>, <const>, X
<const>, <const>, <const>, <const>, <const>, <const>, <const>, <const>, <const>, X
<const>, <const>, <const>, <const>, <const>, <const>, <const>, <const>, <const>, Y
<const>, <const>, <const>, <const>, <const>, <const>, <const>, <const>, <const>, X
<const>, <const>, <const>, <const>, <const>, <const>, <const>, <const>, <const>, X
<const>, <const>, <const>, <const>, <const>, <const>, <const>, <const>, <const>, X
<const>, <const>, <const>, <const>, <const>, <const>, <const>, <const>, <const>, X
<const>, <const>, <const>, <const>, <const>, <const>, <const>, <const>, <const>, X
<const>, <const>, <const>, <const>, <const>, <const>, <const>, <const>, <const>, X
<const>, <const>, <const>, <const>, <const>, <const>, <const>, <const>, <const>, X
<const>, <const>, <const>, <const>, <const>, <const>, <const>, <const>, <const>, Y
<const>, <const>, <const>, <const>, <const>, <const>, <const>, <const>, <const>, X
<const>, <const>, <const>, <const>, <const>, <const>, <const>, <const>, <const>, X
<const>, <const>, <const>, <const>, <const>, <const>, <const>, <const>, <const>, X
<const>, <const>, <const>, <const>, <const>, <const>, <const>, <const>, <const>, X
<const>, <const>, <const>, <const>, <const>, <const>, <const>, <const>, <const>, X
<const>, <const>, <const>, <const>, <const>, <const>, <const>, <const>, <const>, X
<const>, <const>, <const>, <const>, <const>, <const>, <const>, <const>, <const>, X
<const>, <const>, <const>, <const>, <const>, <const>, <const>, <const>, <const>, Y
<const>, <const>, <const>, <const>, <const>, <const>, <const>, <const>, <const>, X
<const>, <const>, <const>, <const>, <const>, <const>, <const>, <const>, <const>, X
<const>, <const>, <const>, <const>, <const>, <const>, <const>, <const>, <const>, X
<const>, <const>, <const>, <const>, <const>, <const>, <const>, <const>, <const>, X
<const>, <const>, <const>, <const>, <const>, <const>, <const>, <const>, <const>, X
<const>, <const>, <const>, <const>, <const>, <const>, <const>, <const>, <const>, X
<const>, <const>, <const>, <const>, <const>, <const>, <const>, <const>, <const>, X
<const>, <const>, <const>, <const>, <const>, <const>, <const>, <const>, <const>, X
<const>, <const>, <const>, <const>, <const>, <const>, <const>, <const>, <const>, X
<const>, <const>, <const>, <const>, <const>, <const>, <const>, <const>, <const>, X
<const>, <const>, <const>, <const>, <const>, <const>, <const>, <const>, <const>, X
<const>, <const>, <const>, <const>, <const>, <const>, <const>, <const>, <const>, X
<const>, <const>, <const>, <const>, <const>, <const>, <const>, <const>, <const>, X
<const>, <const>, <const>, <const>, <const>, <const>, <const>, <const>, <const>, X
<const>, <const>, <const>, <const>, <const>, <const>, <const>, <const>, <const>, X
<const>, <const>, <const>, <const>, <const>, <const>, <const>, <const>, <const>, X
<const>, <const>, <const>, <const>, <const>, <const>, <const>, <const>, <const>, X
<const>, <const>, <const>, <const>, <const>, <const>, <const>, <const>, <const>, X
<const>, <const>, <const>, <const>, <const>, <const>, <const>, <const>, <const>, X
<const>, <const>, <const>, <const>, <const>, <const>, <const>, <const>, <const>, X
<const>, <const>, <const>, <const>, <const>, <const>, <const>, <const>, <const>, X
<const>, <const>, <const>, <const>, <const>, <const>, <const>, <const>, <const>, X
<const>, <const>, <const>, <const>, <const>, <const>, <const>, <const>, <const>, X
<const>, <const>, <const>, <const>, <const>, <const>, <const>, <const>, <const>, X
<const>, <const>, <const>, <const>, <const>, <const>, <const>, <const>, <const>, Y
<const>, <const>, <const>, <const>, <const>, <const>, <const>, <const>, <const>, X
<const>, <const>, <const>, <const>, <const>, <const>, <const>, <const>, <const>, X
<const>, <const>, <const>, <const>, <const>, <const>, <const>, <const>, <const>, X
<const>, <const>, <const>, <const>, <const>, <const>, <const>, <const>, <const>, X
<const>, <const>, <const>, <const>, <const>, <const>, <const>, <const>, <const>, X
<const>, <const>, <const>, <const>, <const>, <const>, <const>, <const>, <const>, X
<const>, <const>, <const>, <const>, <const>, <const>, <const>, <const>, <const>, X
<const>, <const>, <const>, <const>, <const>, <const>, <const>, <const>, <const>, X
<const>, <const>, <const>, <const>, <const>, <const>, <const>, <const>, <const>, Y
<const>, <const>, <const>, <const>, <const>, <const>, <const>, <const>, <const>, X
<const>, <const>, <const>, <const>, <const>, <const>, <const>, <const>, <const>, X
<const>, <const>, <const>, <const>, <const>, <const>, <const>, <const>, <const>, X
<const>, <const>, <const>, <const>, <const>, <const>, <const>, <const>, <const>, X
<const>, <const>, <const>, <const>, <const>, <const>, <const>, <const>, <const>, X
<const>, <const>, <const>, <const>, <const>, <const>, <const>, <const>, <const>, X
<const>, <const>, <const>, <const>, <const>, <const>, <const>, <const>, <const>, X
<const>, <const>, <const>, <const>, <const>, <const>, <const>, <const>, <const>, X
<const>, <const>, <const>, <const>, <const>, <const>, <const>, <const>, <const>, X
<const>, <const>, <const>, <const>, <const>, <const>, <const>, <const>, <const>, X
<const>, <const>, <const>, <const>, <const>, <const>, <const>, <const>, <const>, X
<const>, <const>, <const>, <const>, <const>, <const>, <const>, <const>, <const>, Y
<const>, <const>, <const>, <const>, <const>, <const>, <const>, <const>, <const>, X
<const>, <const>, <const>, <const>, <const>, <const>, <const>, <const>, <const>, X
<const>, <const>, <const>, <const>, <const>, <const>, <const>, <const>, <const>, X
<const>, <const>, <const>, <const>, <const>, <const>, <const>, <const>, <const>, X
<const>, <const>, <const>, <const>, <const>, <const>, <const>, <const>, <const>, X
<const>, <const>, <const>, <const>, <const>, <const>, <const>, <const>, <const>, X
<const>, <const>, <const>, <const>, <const>, <const>, <const>, <const>, <const>, X
<const>, <const>, <const>, <const>, <const>, <const>, <const>, <const>, <const>, X
<const>, <const>, <const>, <const>, <const>, <const>, <const>, <const>, <const>, X
<const>, <const>, <const>, <const>, <const>, <const>, <const>, <const>, <const>, X
<const>, <const>, <const>, <const>, <const>, <const>, <const>, <const>, <const>, X
<const>, <const>, <const>, <const>, <const>, <const>, <const>, <const>, <const>, Y
<const>, <const>, <const>, <const>, <const>, <const>, <const>, <const>, <const>, X
<const>, <const>, <const>, <const>, <const>, <const>, <const>, <const>, <const>, X
<const>, <const>, <const>, <const>, <const>, <const>, <const>, <const>, <const>, X
<const>, <const>, <const>, <const>, <const>, <const>, <const>, <const>, <const>, X
<const>, <const>, <const>, <const>, <const>, <const>, <const>, <const>, <const>, X
<const>, <const>, <const>, <const>, <const>, <const>, <const>, <const>, <const>, X
<const>, <const>, <const>, <const>, <const>, <const>, <const>, <const>, <const>, X
<const>, <const>, <const>, <const>, <const>, <const>, <const>, <const>, <const>, Y
<const>, <const>, <const>, <const>, <const>, <const>, <const>, <const>, <const>, X
<const>, <const>, <const>, <const>, <const>, <const>, <const>, <const>, <const>, X
<const>, <const>, <const>, <const>, <const>, <const>, <const>, <const>, <const>, Y
<const>, <const>, <const>, <const>, <const>, <const>, <const>, <const>, <const>, X
<const>, <const>, <const>, <const>, <const>, <const>, <const>, <const>, <const>, X
<const>, <const>, <const>, <const>, <const>, <const>, <const>, <const>, <const>, X
<const>, <const>, <const>, <const>, <const>, <const>, <const>, <const>, <const>, Y
<const>, <const>, <const>, <const>, <const>, <const>, <const>, <const>, <const>, X
<const>, <const>, <const>, <const>, <const>, <const>, <const>, <const>, <const>, X
<const>, <const>, <const>, <const>, <const>, <const>, <const>, <const>, <const>, X
<const>, <const>, <const>, <const>, <const>, <const>, <const>, <const>, <const>, X
<const>, <const>, <const>, <const>, <const>, <const>, <const>, <const>, <const>, X
<const>, <const>, <const>, <const>, <const>, <const>, <const>, <const>, <const>, X
<const>, <const>, <const>, <const>, <const>, <const>, <const>, <const>, <const>, X
<const>, <const>, <const>, <const>, <const>, <const>, <const>, <const>, <const>, X
<const>, <const>, <const>, <const>, <const>, <const>, <const>, <const>, <const>, Y
<const>, <const>, <const>, <const>, <const>, <const>, <const>, <const>, <const>, Y
<const>, <const>, <const>, <const>, <const>, <const>, <const>, <const>, <const>, X
<const>, <const>, <const>, <const>, <const>, <const>, <const>, <const>, <const>, X
<const>, <const>, <const>, <const>, <const>, <const>, <const>, <const>, <const>, X
<const>, <const>, <const>, <const>, <const>, <const>, <const>, <const>, <const>, X
<const>, <const>, <const>, <const>, <const>, <const>, <const>, <const>, <const>, X
<const>, <const>, <const>, <const>, <const>, <const>, <const>, <const>, <const>, X
<const>, <const>, <const>, <const>, <const>, <const>, <const>, <const>, <const>, X
<const>, <const>, <const>, <const>, <const>, <const>, <const>, <const>, <const>, X
<const>, <const>, <const>, <const>, <const>, <const>, <const>, <const>, <const>, X
<const>, <const>, <const>, <const>, <const>, <const>, <const>, <const>, <const>, Y
<const>, <const>, <const>, <const>, <const>, <const>, <const>, <const>, <const>, X
<const>, <const>, <const>, <const>, <const>, <const>, <const>, <const>, <const>, X
<const>, <const>, <const>, <const>, <const>, <const>, <const>, <const>, <const>, X
<const>, <const>, <const>, <const>, <const>, <const>, <const>, <const>, <const>, X
<const>, <const>, <const>, <const>, <const>, <const>, <const>, <const>, <const>, X
<const>, <const>, <const>, <const>, <const>, <const>, <const>, <const>, <const>, X
<const>, <const>, <const>, <const>, <const>, <const>, <const>, <const>, <const>, X
<const>, <const>, <const>, <const>, <const>, <const>, <const>, <const>, <const>, X
<const>, <const>, <const>, <const>, <const>, <const>, <const>, <const>, <const>, X
<const>, <const>, <const>, <const>, <const>, <const>, <const>, <const>, <const>, X
<const>, <const>, <const>, <const>, <const>, <const>, <const>, <const>, <const>, X
<const>, <const>, <const>, <const>, <const>, <const>, <const>, <const>, <const>, X
<const>, <const>, <const>, <const>, <const>, <const>, <const>, <const>, <const>, X
<const>, <const>, <const>, <const>, <const>, <const>, <const>, <const>, <const>, X
<const>, <const>, <const>, <const>, <const>, <const>, <const>, <const>, <const>, Y
<const>, <const>, <const>, <const>, <const>, <const>, <const>, <const>, <const>, X
<const>, <const>, <const>, <const>, <const>, <const>, <const>, <const>, <const>, X
<const>, <const>, <const>, <const>, <const>, <const>, <const>, <const>, <const>, X
<const>, <const>, <const>, <const>, <const>, <const>, <const>, <const>, <const>, X
<const>, <const>, <const>, <const>, <const>, <const>, <const>, <const>, <const>, X
<const>, <const>, <const>, <const>, <const>, <const>, <const>, <const>, <const>, Y
<const>, <const>, <const>, <const>, <const>, <const>, <const>, <const>, <const>, X
<const>, <const>, <const>, <const>, <const>, <const>, <const>, <const>, <const>, X
<const>, <const>, <const>, <const>, <const>, <const>, <const>, <const>, <const>, X
<const>, <const>, <const>, <const>, <const>, <const>, <const>, <const>, <const>, X
<const>, <const>, <const>, <const>, <const>, <const>, <const>, <const>, <const>, X
<const>, <const>, <const>, <const>, <const>, <const>, <const>, <const>, <const>, X
<const>, <const>, <const>, <const>, <const>, <const>, <const>, <const>, <const>, X
<const>, <const>, <const>, <const>, <const>, <const>, <const>, <const>, <const>, X
<const>, <const>, <const>, <const>, <const>, <const>, <const>, <const>, <const>, X
<const>, <const>, <const>, <const>, <const>, <const>, <const>, <const>, <const>, X
<const>, <const>, <const>, <const>, <const>, <const>, <const>, <const>, <const>, X
<const>, <const>, <const>, <const>, <const>, <const>, <const>, <const>, <const>, X
<const>, <const>, <const>, <const>, <const>, <const>, <const>, <const>, <const>, X
<const>, <const>, <const>, <const>, <const>, <const>, <const>, <const>, <const>, X
<const>, <const>, <const>, <const>, <const>, <const>, <const>, <const>, <const>, X
<const>, <const>, <const>, <const>, <const>, <const>, <const>, <const>, <const>, X
<const>, <const>, <const>, <const>, <const>, <const>, <const>, <const>, <const>, X
<const>, <const>, <const>, <const>, <const>, <const>, <const>, <const>, <const>, X
<const>, <const>, <const>, <const>, <const>, <const>, <const>, <const>, <const>, X
<const>, <const>, <const>, <const>, <const>, <const>, <const>, <const>, <const>, X
<const>, <const>, <const>, <const>, <const>, <const>, <const>, <const>, <const>, X
<const>, <const>, <const>, <const>, <const>, <const>, <const>, <const>, <const>, X
<const>, <const>, <const>, <const>, <const>, <const>, <const>, <const>, <const>, X
<const>, <const>, <const>, <const>, <const>, <const>, <const>, <const>, <const>, X
<const>, <const>, <const>, <const>, <const>, <const>, <const>, <const>, <const>, X
<const>, <const>, <const>, <const>, <const>, <const>, <const>, <const>, <const>, X
<const>, <const>, <const>, <const>, <const>, <const>, <const>, <const>, <const>, X
<const>, <const>, <const>, <const>, <const>, <const>, <const>, <const>, <const>, X
<const>, <const>, <const>, <const>, <const>, <const>, <const>, <const>, <const>, X
<const>, <const>, <const>, <const>, <const>, <const>, <const>, <const>, <const>, X
<const>, <const>, <const>, <const>, <const>, <const>, <const>, <const>, <const>, X
<const>, <const>, <const>, <const>, <const>, <const>, <const>, <const>, <const>, X
<const>, <const>, <const>, <const>, <const>, <const>, <const>, <const>, <const>, X
<const>, <const>, <const>, <const>, <const>, <const>, <const>, <const>, <const>, Y
<const>, <const>, <const>, <const>, <const>, <const>, <const>, <const>, <const>, X
<const>, <const>, <const>, <const>, <const>, <const>, <const>, <const>, <const>, X
<const>, <const>, <const>, <const>, <const>, <const>, <const>, <const>, <const>, X
<const>, <const>, <const>, <const>, <const>, <const>, <const>, <const>, <const>, X
<const>, <const>, <const>, <const>, <const>, <const>, <const>, <const>, <const>, X
<const>, <const>, <const>, <const>, <const>, <const>, <const>, <const>, <const>, Y
<const>, <const>, <const>, <const>, <const>, <const>, <const>, <const>, <const>, X
<const>, <const>, <const>, <const>, <const>, <const>, <const>, <const>, <const>, X
<const>, <const>, <const>, <const>, <const>, <const>, <const>, <const>, <const>, X
<const>, <const>, <const>, <const>, <const>, <const>, <const>, <const>, <const>, X
<const>, <const>, <const>, <const>, <const>, <const>, <const>, <const>, <const>, X
<const>, <const>, <const>, <const>, <const>, <const>, <const>, <const>, <const>, X
<const>, <const>, <const>, <const>, <const>, <const>, <const>, <const>, <const>, X
<const>, <const>, <const>, <const>, <const>, <const>, <const>, <const>, <const>, X
<const>, <const>, <const>, <const>, <const>, <const>, <const>, <const>, <const>, Y
<const>, <const>, <const>, <const>, <const>, <const>, <const>, <const>, <const>, X
<const>, <const>, <const>, <const>, <const>, <const>, <const>, <const>, <const>, Y
<const>, <const>, <const>, <const>, <const>, <const>, <const>, <const>, <const>, X
<const>, <const>, <const>, <const>, <const>, <const>, <const>, <const>, <const>, X
<const>, <const>, <const>, <const>, <const>, <const>, <const>, <const>, <const>, X
<const>, <const>, <const>, <const>, <const>, <const>, <const>, <const>, <const>, X
<const>, <const>, <const>, <const>, <const>, <const>, <const>, <const>, <const>, X
<const>, <const>, <const>, <const>, <const>, <const>, <const>, <const>, <const>, X
<const>, <const>, <const>, <const>, <const>, <const>, <const>, <const>, <const>, X
<const>, <const>, <const>, <const>, <const>, <const>, <const>, <const>, <const>, Y
<const>, <const>, <const>, <const>, <const>, <const>, <const>, <const>, <const>, X
<const>, <const>, <const>, <const>, <const>, <const>, <const>, <const>, <const>, X
<const>, <const>, <const>, <const>, <const>, <const>, <const>, <const>, <const>, X
<const>, <const>, <const>, <const>, <const>, <const>, <const>, <const>, <const>, X
<const>, <const>, <const>, <const>, <const>, <const>, <const>, <const>, <const>, X
<const>, <const>, <const>, <const>, <const>, <const>, <const>, <const>, <const>, X
<const>, <const>, <const>, <const>, <const>, <const>, <const>, <const>, <const>, X
<const>, <const>, <const>, <const>, <const>, <const>, <const>, <const>, <const>, X
<const>, <const>, <const>, <const>, <const>, <const>, <const>, <const>, <const>, X
<const>, <const>, <const>, <const>, <const>, <const>, <const>, <const>, <const>, X
<const>, <const>, <const>, <const>, <const>, <const>, <const>, <const>, <const>, X
<const>, <const>, <const>, <const>, <const>, <const>, <const>, <const>, <const>, X
<const>, <const>, <const>, <const>, <const>, <const>, <const>, <const>, <const>, X
<const>, <const>, <const>, <const>, <const>, <const>, <const>, <const>, <const>, X
<const>, <const>, <const>, <const>, <const>, <const>, <const>, <const>, <const>, X
<const>, <const>, <const>, <const>, <const>, <const>, <const>, <const>, <const>, X
<const>, <const>, <const>, <const>, <const>, <const>, <const>, <const>, <const>, X
<const>, <const>, <const>, <const>, <const>, <const>, <const>, <const>, <const>, X
<const>, <const>, <const>, <const>, <const>, <const>, <const>, <const>, <const>, X
<const>, <const>, <const>, <const>, <const>, <const>, <const>, <const>, <const>, X
<const>, <const>, <const>, <const>, <const>, <const>, <const>, <const>, <const>, X
<const>, <const>, <const>, <const>, <const>, <const>, <const>, <const>, <const>, X
<const>, <const>, <const>, <const>, <const>, <const>, <const>, <const>, <const>, X
<const>, <const>, <const>, <const>, <const>, <const>, <const>, <const>, <const>, X
<const>, <const>, <const>, <const>, <const>, <const>, <const>, <const>, <const>, X
<const>, <const>, <const>, <const>, <const>, <const>, <const>, <const>, <const>, X
<const>, <const>, <const>, <const>, <const>, <const>, <const>, <const>, <const>, X
<const>, <const>, <const>, <const>, <const>, <const>, <const>, <const>, <const>, X
<const>, <const>, <const>, <const>, <const>, <const>, <const>, <const>, <const>, Y
<const>, <const>, <const>, <const>, <const>, <const>, <const>, <const>, <const>, X
<const>, <const>, <const>, <const>, <const>, <const>, <const>, <const>, <const>, X
<const>, <const>, <const>, <const>, <const>, <const>, <const>, <const>, <const>, X
<const>, <const>, <const>, <const>, <const>, <const>, <const>, <const>, <const>, X
<const>, <const>, <const>, <const>, <const>, <const>, <const>, <const>, <const>, X
<const>, <const>, <const>, <const>, <const>, <const>, <const>, <const>, <const>, X
<const>, <const>, <const>, <const>, <const>, <const>, <const>, <const>, <const>, X
<const>, <const>, <const>, <const>, <const>, <const>, <const>, <const>, <const>, X
<const>, <const>, <const>, <const>, <const>, <const>, <const>, <const>, <const>, X
<const>, <const>, <const>, <const>, <const>, <const>, <const>, <const>, <const>, X
<const>, <const>, <const>, <const>, <const>, <const>, <const>, <const>, <const>, X
<const>, <const>, <const>, <const>, <const>, <const>, <const>, <const>, <const>, X
<const>, <const>, <const>, <const>, <const>, <const>, <const>, <const>, <const>, X
<const>, <const>, <const>, <const>, <const>, <const>, <const>, <const>, <const>, Y
<const>, <const>, <const>, <const>, <const>, <const>, <const>, <const>, <const>, X
<const>, <const>, <const>, <const>, <const>, <const>, <const>, <const>, <const>, X
<const>, <const>, <const>, <const>, <const>, <const>, <const>, <const>, <const>, X
<const>, <const>, <const>, <const>, <const>, <const>, <const>, <const>, <const>, X
<const>, <const>, <const>, <const>, <const>, <const>, <const>, <const>, <const>, Y
<const>, <const>, <const>, <const>, <const>, <const>, <const>, <const>, <const>, X
<const>, <const>, <const>, <const>, <const>, <const>, <const>, <const>, <const>, Y
<const>, <const>, <const>, <const>, <const>, <const>, <const>, <const>, <const>, X
<const>, <const>, <const>, <const>, <const>, <const>, <const>, <const>, <const>, X
<const>, <const>, <const>, <const>, <const>, <const>, <const>, <const>, <const>, X
<const>, <const>, <const>, <const>, <const>, <const>, <const>, <const>, <const>, X
<const>, <const>, <const>, <const>, <const>, <const>, <const>, <const>, <const>, X
<const>, <const>, <const>, <const>, <const>, <const>, <const>, <const>, <const>, X
<const>, <const>, <const>, <const>, <const>, <const>, <const>, <const>, <const>, X
<const>, <const>, <const>, <const>, <const>, <const>, <const>, <const>, <const>, X
<const>, <const>, <const>, <const>, <const>, <const>, <const>, <const>, <const>, X
<const>, <const>, <const>, <const>, <const>, <const>, <const>, <const>, <const>, X
<const>, <const>, <const>, <const>, <const>, <const>, <const>, <const>, <const>, X
<const>, <const>, <const>, <const>, <const>, <const>, <const>, <const>, <const>, X
<const>, <const>, <const>, <const>, <const>, <const>, <const>, <const>, <const>, X
<const>, <const>, <const>, <const>, <const>, <const>, <const>, <const>, <const>, X
<const>, <const>, <const>, <const>, <const>, <const>, <const>, <const>, <const>, X
<const>, <const>, <const>, <const>, <const>, <const>, <const>, <const>, <const>, X
<const>, <const>, <const>, <const>, <const>, <const>, <const>, <const>, <const>, X
<const>, <const>, <const>, <const>, <const>, <const>, <const>, <const>, <const>, X
<const>, <const>, <const>, <const>, <const>, <const>, <const>, <const>, <const>, X
<const>, <const>, <const>, <const>, <const>, <const>, <const>, <const>, <const>, X
<const>, <const>, <const>, <const>, <const>, <const>, <const>, <const>, <const>, X
<const>, <const>, <const>, <const>, <const>, <const>, <const>, <const>, <const>, X
<const>, <const>, <const>, <const>, <const>, <const>, <const>, <const>, <const>, X
<const>, <const>, <const>, <const>, <const>, <const>, <const>, <const>, <const>, X
<const>, <const>, <const>, <const>, <const>, <const>, <const>, <const>, <const>, Y
<const>, <const>, <const>, <const>, <const>, <const>, <const>, <const>, <const>, Y
<const>, <const>, <const>, <const>, <const>, <const>, <const>, <const>, <const>, X
<const>, <const>, <const>, <const>, <const>, <const>, <const>, <const>, <const>, X
<const>, <const>, <const>, <const>, <const>, <const>, <const>, <const>, <const>, X
<const>, <const>, <const>, <const>, <const>, <const>, <const>, <const>, <const>, X
<const>, <const>, <const>, <const>, <const>, <const>, <const>, <const>, <const>, X
<const>, <const>, <const>, <const>, <const>, <const>, <const>, <const>, <const>, X
<const>, <const>, <const>, <const>, <const>, <const>, <const>, <const>, <const>, X
<const>, <const>, <const>, <const>, <const>, <const>, <const>, <const>, <const>, X
<const>, <const>, <const>, <const>, <const>, <const>, <const>, <const>, <const>, X
<const>, <const>, <const>, <const>, <const>, <const>, <const>, <const>, <const>, X
<const>, <const>, <const>, <const>, <const>, <const>, <const>, <const>, <const>, X
<const>, <const>, <const>, <const>, <const>, <const>, <const>, <const>, <const>, X
<const>, <const>, <const>, <const>, <const>, <const>, <const>, <const>, <const>, X
<const>, <const>, <const>, <const>, <const>, <const>, <const>, <const>, <const>, X
<const>, <const>, <const>, <const>, <const>, <const>, <const>, <const>, <const>, X
<const>, <const>, <const>, <const>, <const>, <const>, <const>, <const>, <const>, X
<const>, <const>, <const>, <const>, <const>, <const>, <const>, <const>, <const>, X
<const>, <const>, <const>, <const>, <const>, <const>, <const>, <const>, <const>, X
<const>, <const>, <const>, <const>, <const>, <const>, <const>, <const>, <const>, Y
<const>, <const>, <const>, <const>, <const>, <const>, <const>, <const>, <const>, X
<const>, <const>, <const>, <const>, <const>, <const>, <const>, <const>, <const>, X
<const>, <const>, <const>, <const>, <const>, <const>, <const>, <const>, <const>, X
<const>, <const>, <const>, <const>, <const>, <const>, <const>, <const>, <const>, X
<const>, <const>, <const>, <const>, <const>, <const>, <const>, <const>, <const>, X
<const>, <const>, <const>, <const>, <const>, <const>, <const>, <const>, <const>, X
<const>, <const>, <const>, <const>, <const>, <const>, <const>, <const>, <const>, X
<const>, <const>, <const>, <const>, <const>, <const>, <const>, <const>, <const>, X
<const>, <const>, <const>, <const>, <const>, <const>, <const>, <const>, <const>, X
<const>, <const>, <const>, <const>, <const>, <const>, <const>, <const>, <const>, X
<const>, <const>, <const>, <const>, <const>, <const>, <const>, <const>, <const>, X
<const>, <const>, <const>, <const>, <const>, <const>, <const>, <const>, <const>, Y
<const>, <const>, <const>, <const>, <const>, <const>, <const>, <const>, <const>, Y
<const>, <const>, <const>, <const>, <const>, <const>, <const>, <const>, <const>, X
<const>, <const>, <const>, <const>, <const>, <const>, <const>, <const>, <const>, X
<const>, <const>, <const>, <const>, <const>, <const>, <const>, <const>, <const>, X
<const>, <const>, <const>, <const>, <const>, <const>, <const>, <const>, <const>, Y
<const>, <const>, <const>, <const>, <const>, <const>, <const>, <const>, <const>, X
<const>, <const>, <const>, <const>, <const>, <const>, <const>, <const>, <const>, X
<const>, <const>, <const>, <const>, <const>, <const>, <const>, <const>, <const>, X
<const>, <const>, <const>, <const>, <const>, <const>, <const>, <const>, <const>, X
<const>, <const>, <const>, <const>, <const>, <const>, <const>, <const>, <const>, X
<const>, <const>, <const>, <const>, <const>, <const>, <const>, <const>, <const>, X
<const>, <const>, <const>, <const>, <const>, <const>, <const>, <const>, <const>, X
<const>, <const>, <const>, <const>, <const>, <const>, <const>, <const>, <const>, Y
<const>, <const>, <const>, <const>, <const>, <const>, <const>, <const>, <const>, X
<const>, <const>, <const>, <const>, <const>, <const>, <const>, <const>, <const>, X
<const>, <const>, <const>, <const>, <const>, <const>, <const>, <const>, <const>, X
<const>, <const>, <const>, <const>, <const>, <const>, <const>, <const>, <const>, X
<const>, <const>, <const>, <const>, <const>, <const>, <const>, <const>, <const>, X
<const>, <const>, <const>, <const>, <const>, <const>, <const>, <const>, <const>, X
<const>, <const>, <const>, <const>, <const>, <const>, <const>, <const>, <const>, X
<const>, <const>, <const>, <const>, <const>, <const>, <const>, <const>, <const>, X
<const>, <const>, <const>, <const>, <const>, <const>, <const>, <const>, <const>, Y
<const>, <const>, <const>, <const>, <const>, <const>, <const>, <const>, <const>, X
<const>, <const>, <const>, <const>, <const>, <const>, <const>, <const>, <const>, X
<const>, <const>, <const>, <const>, <const>, <const>, <const>, <const>, <const>, X
<const>, <const>, <const>, <const>, <const>, <const>, <const>, <const>, <const>, X
<const>, <const>, <const>, <const>, <const>, <const>, <const>, <const>, <const>, X
<const>, <const>, <const>, <const>, <const>, <const>, <const>, <const>, <const>, X
<const>, <const>, <const>, <const>, <const>, <const>, <const>, <const>, <const>, X
<const>, <const>, <const>, <const>, <const>, <const>, <const>, <const>, <const>, X
<const>, <const>, <const>, <const>, <const>, <const>, <const>, <const>, <const>, X
<const>, <const>, <const>, <const>, <const>, <const>, <const>, <const>, <const>, X
<const>, <const>, <const>, <const>, <const>, <const>, <const>, <const>, <const>, X
<const>, <const>, <const>, <const>, <const>, <const>, <const>, <const>, <const>, X
<const>, <const>, <const>, <const>, <const>, <const>, <const>, <const>, <const>, X
<const>, <const>, <const>, <const>, <const>, <const>, <const>, <const>, <const>, X
<const>, <const>, <const>, <const>, <const>, <const>, <const>, <const>, <const>, X
<const>, <const>, <const>, <const>, <const>, <const>, <const>, <const>, <const>, X
<const>, <const>, <const>, <const>, <const>, <const>, <const>, <const>, <const>, X
<const>, <const>, <const>, <const>, <const>, <const>, <const>, <const>, <const>, X
<const>, <const>, <const>, <const>, <const>, <const>, <const>, <const>, <const>, X
<const>, <const>, <const>, <const>, <const>, <const>, <const>, <const>, <const>, X
<const>, <const>, <const>, <const>, <const>, <const>, <const>, <const>, <const>, X
<const>, <const>, <const>, <const>, <const>, <const>, <const>, <const>, <const>, X
<const>, <const>, <const>, <const>, <const>, <const>, <const>, <const>, <const>, X
<const>, <const>, <const>, <const>, <const>, <const>, <const>, <const>, <const>, X
<const>, <const>, <const>, <const>, <const>, <const>, <const>, <const>, <const>, X
<const>, <const>, <const>, <const>, <const>, <const>, <const>, <const>, <const>, X
<const>, <const>, <const>, <const>, <const>, <const>, <const>, <const>, <const>, X
<const>, <const>, <const>, <const>, <const>, <const>, <const>, <const>, <const>, X
<const>, <const>, <const>, <const>, <const>, <const>, <const>, <const>, <const>, X
<const>, <const>, <const>, <const>, <const>, <const>, <const>, <const>, <const>, X
<const>, <const>, <const>, <const>, <const>, <const>, <const>, <const>, <const>, X
<const>, <const>, <const>, <const>, <const>, <const>, <const>, <const>, <const>, X
<const>, <const>, <const>, <const>, <const>, <const>, <const>, <const>, <const>, X
<const>, <const>, <const>, <const>, <const>, <const>, <const>, <const>, <const>, X
<const>, <const>, <const>, <const>, <const>, <const>, <const>, <const>, <const>, X
<const>, <const>, <const>, <const>, <const>, <const>, <const>, <const>, <const>, X
<const>, <const>, <const>, <const>, <const>, <const>, <const>, <const>, <const>, X
<const>, <const>, <const>, <const>, <const>, <const>, <const>, <const>, <const>, Y
<const>, <const>, <const>, <const>, <const>, <const>, <const>, <const>, <const>, X
<const>, <const>, <const>, <const>, <const>, <const>, <const>, <const>, <const>, X
<const>, <const>, <const>, <const>, <const>, <const>, <const>, <const>, <const>, X
<const>, <const>, <const>, <const>, <const>, <const>, <const>, <const>, <const>, X
<const>, <const>, <const>, <const>, <const>, <const>, <const>, <const>, <const>, X
<const>, <const>, <const>, <const>, <const>, <const>, <const>, <const>, <const>, X
<const>, <const>, <const>, <const>, <const>, <const>, <const>, <const>, <const>, X
<const>, <const>, <const>, <const>, <const>, <const>, <const>, <const>, <const>, X
<const>, <const>, <const>, <const>, <const>, <const>, <const>, <const>, <const>, X
<const>, <const>, <const>, <const>, <const>, <const>, <const>, <const>, <const>, X
<const>, <const>, <const>, <const>, <const>, <const>, <const>, <const>, <const>, X
<const>, <const>, <const>, <const>, <const>, <const>, <const>, <const>, <const>, X
<const>, <const>, <const>, <const>, <const>, <const>, <const>, <const>, <const>, X
<const>, <const>, <const>, <const>, <const>, <const>, <const>, <const>, <const>, X
<const>, <const>, <const>, <const>, <const>, <const>, <const>, <const>, <const>, X
<const>, <const>, <const>, <const>, <const>, <const>, <const>, <const>, <const>, X
<const>, <const>, <const>, <const>, <const>, <const>, <const>, <const>, <const>, X
<const>, <const>, <const>, <const>, <const>, <const>, <const>, <const>, <const>, X
<const>, <const>, <const>, <const>, <const>, <const>, <const>, <const>, <const>, X
<const>, <const>, <const>, <const>, <const>, <const>, <const>, <const>, <const>, X
<const>, <const>, <const>, <const>, <const>, <const>, <const>, <const>, <const>, X
<const>, <const>, <const>, <const>, <const>, <const>, <const>, <const>, <const>, X
<const>, <const>, <const>, <const>, <const>, <const>, <const>, <const>, <const>, X
<const>, <const>, <const>, <const>, <const>, <const>, <const>, <const>, <const>, X
<const>, <const>, <const>, <const>, <const>, <const>, <const>, <const>, <const>, X
<const>, <const>, <const>, <const>, <const>, <const>, <const>, <const>, <const>, X
<const>, <const>, <const>, <const>, <const>, <const>, <const>, <const>, <const>, X
<const>, <const>, <const>, <const>, <const>, <const>, <const>, <const>, <const>, X
<const>, <const>, <const>, <const>, <const>, <const>, <const>, <const>, <const>, X
<const>, <const>, <const>, <const>, <const>, <const>, <const>, <const>, <const>, X
<const>, <const>, <const>, <const>, <const>, <const>, <const>, <const>, <const>, X
<const>, <const>, <const>, <const>, <const>, <const>, <const>, <const>, <const>, X
<const>, <const>, <const>, <const>, <const>, <const>, <const>, <const>, <const>, X
<const>, <const>, <const>, <const>, <const>, <const>, <const>, <const>, <const>, X
<const>, <const>, <const>, <const>, <const>, <const>, <const>, <const>, <const>, X
<const>, <const>, <const>, <const>, <const>, <const>, <const>, <const>, <const>, X
<const>, <const>, <const>, <const>, <const>, <const>, <const>, <const>, <const>, X
<const>, <const>, <const>, <const>, <const>, <const>, <const>, <const>, <const>, X
<const>, <const>, <const>, <const>, <const>, <const>, <const>, <const>, <const>, X
<const>, <const>, <const>, <const>, <const>, <const>, <const>, <const>, <const>, X
<const>, <const>, <const>, <const>, <const>, <const>, <const>, <const>, <const>, X
<const>, <const>, <const>, <const>, <const>, <const>, <const>, <const>, <const>, Y
<const>, <const>, <const>, <const>, <const>, <const>, <const>, <const>, <const>, X
<const>, <const>, <const>, <const>, <const>, <const>, <const>, <const>, <const>, X
<const>, <const>, <const>, <const>, <const>, <const>, <const>, <const>, <const>, X
<const>, <const>, <const>, <const>, <const>, <const>, <const>, <const>, <const>, X
<const>, <const>, <const>, <const>, <const>, <const>, <const>, <const>, <const>, X
<const>, <const>, <const>, <const>, <const>, <const>, <const>, <const>, <const>, X
<const>, <const>, <const>, <const>, <const>, <const>, <const>, <const>, <const>, X
<const>, <const>, <const>, <const>, <const>, <const>, <const>, <const>, <const>, X
<const>, <const>, <const>, <const>, <const>, <const>, <const>, <const>, <const>, Y
<const>, <const>, <const>, <const>, <const>, <const>, <const>, <const>, <const>, X
<const>, <const>, <const>, <const>, <const>, <const>, <const>, <const>, <const>, X
<const>, <const>, <const>, <const>, <const>, <const>, <const>, <const>, <const>, X
<const>, <const>, <const>, <const>, <const>, <const>, <const>, <const>, <const>, X
<const>, <const>, <const>, <const>, <const>, <const>, <const>, <const>, <const>, X
<const>, <const>, <const>, <const>, <const>, <const>, <const>, <const>, <const>, X
<const>, <const>, <const>, <const>, <const>, <const>, <const>, <const>, <const>, X
<const>, <const>, <const>, <const>, <const>, <const>, <const>, <const>, <const>, X
<const>, <const>, <const>, <const>, <const>, <const>, <const>, <const>, <const>, X
<const>, <const>, <const>, <const>, <const>, <const>, <const>, <const>, <const>, X
<const>, <const>, <const>, <const>, <const>, <const>, <const>, <const>, <const>, X
<const>, <const>, <const>, <const>, <const>, <const>, <const>, <const>, <const>, X
<const>, <const>, <const>, <const>, <const>, <const>, <const>, <const>, <const>, X
<const>, <const>, <const>, <const>, <const>, <const>, <const>, <const>, <const>, X
<const>, <const>, <const>, <const>, <const>, <const>, <const>, <const>, <const>, X
<const>, <const>, <const>, <const>, <const>, <const>, <const>, <const>, <const>, X
<const>, <const>, <const>, <const>, <const>, <const>, <const>, <const>, <const>, X
<const>, <const>, <const>, <const>, <const>, <const>, <const>, <const>, <const>, X
<const>, <const>, <const>, <const>, <const>, <const>, <const>, <const>, <const>, X
<const>, <const>, <const>, <const>, <const>, <const>, <const>, <const>, <const>, X
<const>, <const>, <const>, <const>, <const>, <const>, <const>, <const>, <const>, X
<const>, <const>, <const>, <const>, <const>, <const>, <const>, <const>, <const>, X
<const>, <const>, <const>, <const>, <const>, <const>, <const>, <const>, <const>, X
<const>, <const>, <const>, <const>, <const>, <const>, <const>, <const>, <const>, X
<const>, <const>, <const>, <const>, <const>, <const>, <const>, <const>, <const>, Y
<const>, <const>, <const>, <const>, <const>, <const>, <const>, <const>, <const>, Y
<const>, <const>, <const>, <const>, <const>, <const>, <const>, <const>, <const>, X
<const>, <const>, <const>, <const>, <const>, <const>, <const>, <const>, <const>, X
<const>, <const>, <const>, <const>, <const>, <const>, <const>, <const>, <const>, X
<const>, <const>, <const>, <const>, <const>, <const>, <const>, <const>, <const>, X
<const>, <const>, <const>, <const>, <const>, <const>, <const>, <const>, <const>, X
<const>, <const>, <const>, <const>, <const>, <const>, <const>, <const>, <const>, Y
<const>, <const>, <const>, <const>, <const>, <const>, <const>, <const>, <const>, X
<const>, <const>, <const>, <const>, <const>, <const>, <const>, <const>, <const>, X
<const>, <const>, <const>, <const>, <const>, <const>, <const>, <const>, <const>, X
<const>, <const>, <const>, <const>, <const>, <const>, <const>, <const>, <const>, X
<const>, <const>, <const>, <const>, <const>, <const>, <const>, <const>, <const>, X
<const>, <const>, <const>, <const>, <const>, <const>, <const>, <const>, <const>, Y
<const>, <const>, <const>, <const>, <const>, <const>, <const>, <const>, <const>, X
<const>, <const>, <const>, <const>, <const>, <const>, <const>, <const>, <const>, X
<const>, <const>, <const>, <const>, <const>, <const>, <const>, <const>, <const>, X
<const>, <const>, <const>, <const>, <const>, <const>, <const>, <const>, <const>, X
<const>, <const>, <const>, <const>, <const>, <const>, <const>, <const>, <const>, X
<const>, <const>, <const>, <const>, <const>, <const>, <const>, <const>, <const>, X
<const>, <const>, <const>, <const>, <const>, <const>, <const>, <const>, <const>, X
<const>, <const>, <const>, <const>, <const>, <const>, <const>, <const>, <const>, X
<const>, <const>, <const>, <const>, <const>, <const>, <const>, <const>, <const>, Y
<const>, <const>, <const>, <const>, <const>, <const>, <const>, <const>, <const>, X
<const>, <const>, <const>, <const>, <const>, <const>, <const>, <const>, <const>, X
<const>, <const>, <const>, <const>, <const>, <const>, <const>, <const>, <const>, X
<const>, <const>, <const>, <const>, <const>, <const>, <const>, <const>, <const>, X
<const>, <const>, <const>, <const>, <const>, <const>, <const>, <const>, <const>, X
<const>, <const>, <const>, <const>, <const>, <const>, <const>, <const>, <const>, X
<const>, <const>, <const>, <const>, <const>, <const>, <const>, <const>, <const>, X
<const>, <const>, <const>, <const>, <const>, <const>, <const>, <const>, <const>, X
<const>, <const>, <const>, <const>, <const>, <const>, <const>, <const>, <const>, Y
<const>, <const>, <const>, <const>, <const>, <const>, <const>, <const>, <const>, X
<const>, <const>, <const>, <const>, <const>, <const>, <const>, <const>, <const>, X
<const>, <const>, <const>, <const>, <const>, <const>, <const>, <const>, <const>, X
<const>, <const>, <const>, <const>, <const>, <const>, <const>, <const>, <const>, X
<const>, <const>, <const>, <const>, <const>, <const>, <const>, <const>, <const>, X
<const>, <const>, <const>, <const>, <const>, <const>, <const>, <const>, <const>, X
<const>, <const>, <const>, <const>, <const>, <const>, <const>, <const>, <const>, X
<const>, <const>, <const>, <const>, <const>, <const>, <const>, <const>, <const>, X
<const>, <const>, <const>, <const>, <const>, <const>, <const>, <const>, <const>, X
<const>, <const>, <const>, <const>, <const>, <const>, <const>, <const>, <const>, X
<const>, <const>, <const>, <const>, <const>, <const>, <const>, <const>, <const>, X
<const>, <const>, <const>, <const>, <const>, <const>, <const>, <const>, <const>, X
<const>, <const>, <const>, <const>, <const>, <const>, <const>, <const>, <const>, X
<const>, <const>, <const>, <const>, <const>, <const>, <const>, <const>, <const>, X
<const>, <const>, <const>, <const>, <const>, <const>, <const>, <const>, <const>, X
<const>, <const>, <const>, <const>, <const>, <const>, <const>, <const>, <const>, X
<const>, <const>, <const>, <const>, <const>, <const>, <const>, <const>, <const>, X
<const>, <const>, <const>, <const>, <const>, <const>, <const>, <const>, <const>, X
<const>, <const>, <const>, <const>, <const>, <const>, <const>, <const>, <const>, X
<const>, <const>, <const>, <const>, <const>, <const>, <const>, <const>, <const>, X
<const>, <const>, <const>, <const>, <const>, <const>, <const>, <const>, <const>, X
<const>, <const>, <const>, <const>, <const>, <const>, <const>, <const>, <const>, X
<const>, <const>, <const>, <const>, <const>, <const>, <const>, <const>, <const>, X
<const>, <const>, <const>, <const>, <const>, <const>, <const>, <const>, <const>, X
<const>, <const>, <const>, <const>, <const>, <const>, <const>, <const>, <const>, X
<const>, <const>, <const>, <const>, <const>, <const>, <const>, <const>, <const>, Y
<const>, <const>, <const>, <const>, <const>, <const>, <const>, <const>, <const>, X
<const>, <const>, <const>, <const>, <const>, <const>, <const>, <const>, <const>, X
<const>, <const>, <const>, <const>, <const>, <const>, <const>, <const>, <const>, X
<const>, <const>, <const>, <const>, <const>, <const>, <const>, <const>, <const>, X
<const>, <const>, <const>, <const>, <const>, <const>, <const>, <const>, <const>, X
<const>, <const>, <const>, <const>, <const>, <const>, <const>, <const>, <const>, X
<const>, <const>, <const>, <const>, <const>, <const>, <const>, <const>, <const>, X
<const>, <const>, <const>, <const>, <const>, <const>, <const>, <const>, <const>, X
<const>, <const>, <const>, <const>, <const>, <const>, <const>, <const>, <const>, X
<const>, <const>, <const>, <const>, <const>, <const>, <const>, <const>, <const>, X
<const>, <const>, <const>, <const>, <const>, <const>, <const>, <const>, <const>, X
<const>, <const>, <const>, <const>, <const>, <const>, <const>, <const>, <const>, X
<const>, <const>, <const>, <const>, <const>, <const>, <const>, <const>, <const>, X
<const>, <const>, <const>, <const>, <const>, <const>, <const>, <const>, <const>, X
<const>, <const>, <const>, <const>, <const>, <const>, <const>, <const>, <const>, X
<const>, <const>, <const>, <const>, <const>, <const>, <const>, <const>, <const>, X
<const>, <const>, <const>, <const>, <const>, <const>, <const>, <const>, <const>, X
<const>, <const>, <const>, <const>, <const>, <const>, <const>, <const>, <const>, X
<const>, <const>, <const>, <const>, <const>, <const>, <const>, <const>, <const>, X
<const>, <const>, <const>, <const>, <const>, <const>, <const>, <const>, <const>, X
<const>, <const>, <const>, <const>, <const>, <const>, <const>, <const>, <const>, Y
<const>, <const>, <const>, <const>, <const>, <const>, <const>, <const>, <const>, X
<const>, <const>, <const>, <const>, <const>, <const>, <const>, <const>, <const>, X
<const>, <const>, <const>, <const>, <const>, <const>, <const>, <const>, <const>, X
<const>, <const>, <const>, <const>, <const>, <const>, <const>, <const>, <const>, X
<const>, <const>, <const>, <const>, <const>, <const>, <const>, <const>, <const>, X
<const>, <const>, <const>, <const>, <const>, <const>, <const>, <const>, <const>, X
<const>, <const>, <const>, <const>, <const>, <const>, <const>, <const>, <const>, X
<const>, <const>, <const>, <const>, <const>, <const>, <const>, <const>, <const>, X
<const>, <const>, <const>, <const>, <const>, <const>, <const>, <const>, <const>, X
<const>, <const>, <const>, <const>, <const>, <const>, <const>, <const>, <const>, X
<const>, <const>, <const>, <const>, <const>, <const>, <const>, <const>, <const>, X
<const>, <const>, <const>, <const>, <const>, <const>, <const>, <const>, <const>, X
<const>, <const>, <const>, <const>, <const>, <const>, <const>, <const>, <const>, X
<const>, <const>, <const>, <const>, <const>, <const>, <const>, <const>, <const>, X
<const>, <const>, <const>, <const>, <const>, <const>, <const>, <const>, <const>, X
<const>, <const>, <const>, <const>, <const>, <const>, <const>, <const>, <const>, X
<const>, <const>, <const>, <const>, <const>, <const>, <const>, <const>, <const>, X
<const>, <const>, <const>, <const>, <const>, <const>, <const>, <const>, <const>, X
<const>, <const>, <const>, <const>, <const>, <const>, <const>, <const>, <const>, X
<const>, <const>, <const>, <const>, <const>, <const>, <const>, <const>, <const>, X
<const>, <const>, <const>, <const>, <const>, <const>, <const>, <const>, <const>, X
<const>, <const>, <const>, <const>, <const>, <const>, <const>, <const>, <const>, X
<const>, <const>, <const>, <const>, <const>, <const>, <const>, <const>, <const>, X
<const>, <const>, <const>, <const>, <const>, <const>, <const>, <const>, <const>, X
<const>, <const>, <const>, <const>, <const>, <const>, <const>, <const>, <const>, X
<const>, <const>, <const>, <const>, <const>, <const>, <const>, <const>, <const>, X
<const>, <const>, <const>, <const>, <const>, <const>, <const>, <const>, <const>, Y
<const>, <const>, <const>, <const>, <const>, <const>, <const>, <const>, <const>, X
<const>, <const>, <const>, <const>, <const>, <const>, <const>, <const>, <const>, X
<const>, <const>, <const>, <const>, <const>, <const>, <const>, <const>, <const>, X
<const>, <const>, <const>, <const>, <const>, <const>, <const>, <const>, <const>, X
<const>, <const>, <const>, <const>, <const>, <const>, <const>, <const>, <const>, X
<const>, <const>, <const>, <const>, <const>, <const>, <const>, <const>, <const>, X
<const>, <const>, <const>, <const>, <const>, <const>, <const>, <const>, <const>, X
<const>, <const>, <const>, <const>, <const>, <const>, <const>, <const>, <const>, X
<const>, <const>, <const>, <const>, <const>, <const>, <const>, <const>, <const>, X
<const>, <const>, <const>, <const>, <const>, <const>, <const>, <const>, <const>, Y
<const>, <const>, <const>, <const>, <const>, <const>, <const>, <const>, <const>, X
<const>, <const>, <const>, <const>, <const>, <const>, <const>, <const>, <const>, X
<const>, <const>, <const>, <const>, <const>, <const>, <const>, <const>, <const>, X
<const>, <const>, <const>, <const>, <const>, <const>, <const>, <const>, <const>, X
<const>, <const>, <const>, <const>, <const>, <const>, <const>, <const>, <const>, Y
<const>, <const>, <const>, <const>, <const>, <const>, <const>, <const>, <const>, X
<const>, <const>, <const>, <const>, <const>, <const>, <const>, <const>, <const>, X
<const>, <const>, <const>, <const>, <const>, <const>, <const>, <const>, <const>, X
<const>, <const>, <const>, <const>, <const>, <const>, <const>, <const>, <const>, X
<const>, <const>, <const>, <const>, <const>, <const>, <const>, <const>, <const>, X
<const>, <const>, <const>, <const>, <const>, <const>, <const>, <const>, <const>, X
<const>, <const>, <const>, <const>, <const>, <const>, <const>, <const>, <const>, X
<const>, <const>, <const>, <const>, <const>, <const>, <const>, <const>, <const>, X
<const>, <const>, <const>, <const>, <const>, <const>, <const>, <const>, <const>, Y
<const>, <const>, <const>, <const>, <const>, <const>, <const>, <const>, <const>, X
<const>, <const>, <const>, <const>, <const>, <const>, <const>, <const>, <const>, X
<const>, <const>, <const>, <const>, <const>, <const>, <const>, <const>, <const>, X
<const>, <const>, <const>, <const>, <const>, <const>, <const>, <const>, <const>, X
<const>, <const>, <const>, <const>, <const>, <const>, <const>, <const>, <const>, X
<const>, <const>, <const>, <const>, <const>, <const>, <const>, <const>, <const>, X
<const>, <const>, <const>, <const>, <const>, <const>, <const>, <const>, <const>, X
<const>, <const>, <const>, <const>, <const>, <const>, <const>, <const>, <const>, X
<const>, <const>, <const>, <const>, <const>, <const>, <const>, <const>, <const>, X
<const>, <const>, <const>, <const>, <const>, <const>, <const>, <const>, <const>, X
<const>, <const>, <const>, <const>, <const>, <const>, <const>, <const>, <const>, Y
<const>, <const>, <const>, <const>, <const>, <const>, <const>, <const>, <const>, X
<const>, <const>, <const>, <const>, <const>, <const>, <const>, <const>, <const>, X
<const>, <const>, <const>, <const>, <const>, <const>, <const>, <const>, <const>, X
<const>, <const>, <const>, <const>, <const>, <const>, <const>, <const>, <const>, Y
<const>, <const>, <const>, <const>, <const>, <const>, <const>, <const>, <const>, X
<const>, <const>, <const>, <const>, <const>, <const>, <const>, <const>, <const>, X
<const>, <const>, <const>, <const>, <const>, <const>, <const>, <const>, <const>, X
<const>, <const>, <const>, <const>, <const>, <const>, <const>, <const>, <const>, X
<const>, <const>, <const>, <const>, <const>, <const>, <const>, <const>, <const>, Y